DATE,Number of Days_Percip_>=.01,Number of Days_Percip_>=.10,Number of Days_Percip_>=1.0,Number of Days_Min <= 0,Number of Days_Min <= 32,Number of Days_Max <= 32,Number of Days_Max >= 70,Number of Days_Max >= 90,Lowest Temp,Highest Temp,Mean Temp,Total Precipitation
1950-01,10,6,0,8,31,23,0,0,-24.8,8,-8.79,31.1
1950-02,9,3,0,10,25,19,0,0,-21.9,8.8,-7.46,22.3
1950-03,8,4,0,0,17,0,0,0,-5.1,16.4,4.59,32.9
1950-04,2,1,0,0,0,0,19,0,1.7,27.5,15.03,4.9
1950-05,13,9,0,0,0,0,25,0,7.2,30.3,18.19,61.8
1950-06,9,5,0,0,0,0,25,3,8.4,33.9,20.73,34.3
1950-07,3,1,0,0,0,0,31,10,11.7,33.9,24.4,9.3
1950-08,3,0,0,0,0,0,31,11,8.4,38,24.72,4.3
1950-09,1,0,0,0,0,0,30,8,10.4,36,21.96,1.6
1950-10,11,6,0,0,0,0,7,0,0.4,29.8,13.52,48.7
1950-11,7,3,0,0,10,0,0,0,-7.1,20.9,6.76,17.1
1950-12,8,1,0,0,29,5,0,0,-7.6,6.7,-0.74,18.4
1951-01,6,3,0,0,31,11,0,0,-14.3,8,-1.74,21
1951-02,6,5,0,0,28,7,0,0,-15.4,6.7,-4.47,30.2
1951-03,3,0,0,0,11,0,5,0,-4.5,23.1,8.34,3.9
1951-04,12,5,0,0,0,0,8,0,3.9,26.8,14.37,53
1951-05,12,4,0,0,0,0,25,0,6.6,31.1,17.62,38.6
1951-06,9,6,0,0,0,0,29,2,10.9,33.4,22.11,34.4
1951-07,4,3,0,0,0,0,31,22,14.1,39.3,25.86,13.2
1951-08,3,1,0,0,0,0,31,19,14.2,37,25.92,9.3
1951-09,9,5,0,0,0,0,25,5,5.4,35.2,19.59,41.4
1951-10,17,11,0,0,0,0,1,0,0.2,23.9,9.98,85.1
1951-11,3,1,0,0,5,0,0,0,-1,18.1,7.77,8.6
1951-12,8,2,0,0,25,7,0,0,-11.7,11.1,-0.16,15.7
1952-01,7,2,0,0,31,12,0,0,-12.6,4.4,-2.89,10.3
1952-02,12,5,0,0,21,3,0,0,-8.2,11.6,1.64,35.3
1952-03,5,2,0,0,18,0,1,0,-6.2,23.2,5.53,11.1
1952-04,9,4,0,0,0,0,7,0,0.1,27.3,12.03,18.6
1952-05,9,5,0,0,0,0,22,0,3.3,31.5,17.21,57.2
1952-06,10,5,0,0,0,0,29,1,8.8,33.8,19.83,32.8
1952-07,2,1,0,0,0,0,31,20,12.9,37.1,25.63,6.5
1952-08,2,1,0,0,0,0,31,21,12.1,36,26.55,8.3
1952-09,2,0,0,0,0,0,30,3,7.2,33.2,21.38,1.7
1952-10,3,3,0,0,0,0,26,0,4.6,31,17.28,10.4
1952-11,4,1,0,0,11,0,1,0,-7.6,21.1,6.89,5.1
1952-12,6,1,0,0,23,2,0,0,-7.1,13.8,2.26,16.3
1953-01,12,4,0,0,29,1,0,0,-9.2,8.2,-0.29,33.2
1953-02,7,3,0,0,16,0,0,0,-7.8,13.5,3.13,22.2
1953-03,10,2,0,0,17,0,0,0,-8.3,15.4,3.72,23.3
1953-04,9,5,0,0,1,0,10,0,-0.7,24.3,12.79,40.2
1953-05,13,8,0,0,0,0,27,1,5.2,32.2,18.19,44.5
1953-06,10,5,0,0,0,0,29,0,9.4,31.2,21.64,71.2
1953-07,6,3,0,0,0,0,31,16,12.2,37.1,24.71,29.9
1953-08,2,0,0,0,0,0,31,18,15.9,37.1,27.03,1.8
1953-09,0,0,0,0,0,0,29,7,8.9,35.9,20.86,0
1953-10,3,2,0,0,0,0,16,0,0.5,28.3,14.43,26.4
1953-11,9,7,0,0,12,6,0,0,-13,17.4,3.86,72.9
1953-12,7,1,0,13,31,30,0,0,-27.1,2.8,-11.35,6.9
1954-01,9,3,0,3,31,26,0,0,-20.6,3.6,-7.98,21.9
1954-02,15,2,0,0,28,9,0,0,-14,4.7,-2.88,20.9
1954-03,7,6,1,0,12,0,1,0,-7.7,23.8,4.96,59.9
1954-04,7,5,0,0,0,0,4,0,1.4,23.8,11.24,32.9
1954-05,11,5,0,0,0,0,26,0,5.2,29,17.76,34.5
1954-06,11,6,0,0,0,0,30,0,11.8,31.6,22.18,31.4
1954-07,3,3,0,0,0,0,31,24,16.4,37.1,26.14,13.7
1954-08,2,1,0,0,0,0,31,23,16,38.5,26.94,3.3
1954-09,4,0,0,0,0,0,29,2,7.2,37.3,21.36,3.3
1954-10,2,0,0,0,0,0,25,0,0.1,26.9,15.82,1.9
1954-11,6,1,0,0,5,0,0,0,-0.4,19.5,8.71,9.1
1954-12,8,3,0,0,25,0,0,0,-4.8,10.8,2.06,21.4
1955-01,1,0,0,0,29,0,0,0,-9,12.1,1.86,1.6
1955-02,2,1,0,0,16,0,0,0,-8.8,19.6,5.88,8.7
1955-03,10,4,0,0,6,0,2,0,-4,23.8,8.76,22.2
1955-04,9,4,0,0,0,0,12,0,0.8,27,14.05,21.9
1955-05,13,6,0,0,0,0,23,0,7.1,31.9,18.05,49.7
1955-06,6,2,0,0,0,0,29,9,9.4,36.7,23.27,16.8
1955-07,5,4,0,0,0,0,31,20,14.1,39.7,25.67,27.5
1955-08,2,2,0,0,0,0,31,14,14.3,37.4,25.09,18.5
1955-09,3,2,0,0,0,0,29,1,10,32.7,21.08,21.6
1955-10,3,2,0,0,0,0,25,0,4.2,26.3,16.09,16.5
1955-11,6,3,0,0,7,0,0,0,-1.1,20.6,8.2,37.6
1955-12,6,3,0,0,20,0,0,0,-9.1,13.8,2.31,23.4
1956-01,5,1,0,0,31,0,0,0,-11.4,9.1,-1.35,6.1
1956-02,9,5,0,0,16,1,0,0,-9.8,14.9,2.97,45.9
1956-03,14,7,0,0,22,0,0,0,-8.4,15.5,3.76,62.3
1956-04,11,5,0,0,4,0,4,0,-6.5,23.8,11.03,43.8
1956-05,13,3,0,0,0,0,17,0,3.1,27.3,15.3,47.3
1956-06,2,0,0,0,0,0,30,3,8.1,35.4,21.7,2
1956-07,4,1,0,0,0,0,31,18,13.3,36.4,25.05,12.1
1956-08,1,1,0,0,0,0,31,13,14.4,38.9,25.82,3.1
1956-09,4,3,0,0,0,0,23,2,2.1,33.7,18.1,33.8
1956-10,3,2,0,0,3,0,12,0,-2.3,27,13.02,18.3
1956-11,4,3,0,0,14,0,0,0,-8.3,19.3,5.49,16.5
1956-12,10,7,0,8,30,21,0,0,-21.9,9.9,-6.85,39.5
1957-01,12,5,0,13,31,31,0,0,-26.1,-1.7,-12.09,48.4
1957-02,13,4,0,5,28,16,0,0,-25.1,7,-5.53,27.6
1957-03,8,4,0,0,10,0,0,0,-5.6,19.9,5.64,31
1957-04,4,2,0,0,0,0,9,0,0.2,28.3,14.08,18
1957-05,16,7,0,0,0,0,25,0,5.6,28.9,17.12,55.2
1957-06,11,8,0,0,0,0,28,0,7,32.1,20.9,57.1
1957-07,3,2,0,0,0,0,31,13,8.4,37,24.21,10.6
1957-08,2,0,0,0,0,0,31,12,14.2,39.2,26.34,1.1
1957-09,3,1,0,0,0,0,30,10,12.4,34.5,23.04,6.1
1957-10,2,0,0,0,3,0,13,0,-1.2,28.1,13.88,1.6
1957-11,5,1,0,0,7,0,1,0,-7.6,21.9,8,18.4
1957-12,6,2,0,0,28,0,0,0,-9.8,13,1.65,10.9
1958-01,8,1,0,0,22,1,0,0,-8.2,12,1.72,14.9
1958-02,4,1,0,0,24,0,0,0,-11.4,15.1,2.44,10.1
1958-03,8,1,0,0,7,0,0,0,-3.3,21,8.52,12
1958-04,10,5,0,0,1,0,7,0,-1,25.6,12.85,36.7
1958-05,8,5,0,0,0,0,27,1,4.9,32.2,19.25,39.5
1958-06,10,3,0,0,0,0,30,6,7.5,36.9,21.81,27.7
1958-07,3,3,0,0,0,0,30,17,10.2,35.8,24.2,15.2
1958-08,2,1,0,0,0,0,31,12,12.6,36.7,25.17,7.8
1958-09,2,0,0,0,0,0,29,2,9.5,34.9,20.27,2.6
1958-10,1,1,0,0,2,0,15,0,-2.5,25.6,13.55,17.8
1958-11,5,2,0,0,19,0,0,0,-7.6,15.1,4.73,13.6
1958-12,12,3,0,0,31,23,0,0,-14.7,2.8,-4.88,37.4
1959-01,5,2,0,0,31,16,0,0,-13.4,8.4,-3.44,11.4
1959-02,4,0,0,0,27,2,0,0,-12,8.4,-2.14,4.1
1959-03,10,5,0,0,14,0,0,0,-7,14.7,4.58,32.8
1959-04,7,2,0,0,1,0,19,0,-2.3,28.1,14.46,11.9
1959-05,12,8,1,0,0,0,25,0,7.5,30.4,17.85,88.1
1959-06,11,4,0,0,0,0,29,3,8.9,32.7,21.29,26.9
1959-07,5,1,0,0,0,0,31,19,12.5,38.8,26,10.3
1959-08,5,2,0,0,0,0,30,12,11.3,35.7,24.49,15.3
1959-09,2,1,0,0,0,0,28,2,5.1,34.8,18.57,11.6
1959-10,8,3,0,0,1,0,2,0,-1.1,23.1,11.88,39
1959-11,8,5,0,0,9,2,0,0,-3.7,18.2,7.24,34.5
1959-12,4,2,0,0,29,9,0,0,-8.6,7.4,-0.68,17.9
1960-01,9,3,0,0,28,0,0,0,-9.3,10.9,1.14,32.2
1960-02,5,1,0,0,19,0,0,0,-10.4,16.1,3.46,13.6
1960-03,7,5,0,0,15,0,0,0,-5.5,19.3,5.26,34.3
1960-04,19,6,0,0,0,0,0,0,2.5,21,11.18,58.3
1960-05,9,1,0,0,0,0,29,1,6.6,32.3,18.94,12.7
1960-06,10,5,0,0,0,0,29,4,10.6,33.6,21.71,46.7
1960-07,7,5,0,0,0,0,31,12,13.8,37,24.28,45.6
1960-08,2,1,0,0,0,0,31,10,10.8,36.6,23.76,4.6
1960-09,0,0,0,0,0,0,30,6,9.5,34.3,21.54,0
1960-10,5,2,0,0,0,0,22,0,2.1,28.5,14.99,24.1
1960-11,7,6,0,0,8,0,3,0,-5.1,23.1,8.37,31
1960-12,1,0,0,0,29,0,0,0,-7.9,13,1.89,0.5
1961-01,3,1,0,0,26,7,0,0,-14.6,12.5,-1.03,6.2
1961-02,3,2,0,0,27,2,0,0,-14.4,11.6,0.65,11.9
1961-03,3,2,0,0,18,2,0,0,-14.4,20,4.41,7.4
1961-04,8,6,0,0,3,0,12,0,-2.1,26,13.08,30.5
1961-05,6,3,0,0,0,0,30,0,7.3,32.1,20.12,26.9
1961-06,4,1,0,0,0,0,30,14,9.5,37.6,24.19,7.1
1961-07,0,0,0,0,0,0,31,25,13.5,38.4,26.93,0
1961-08,0,0,0,0,0,0,31,16,15.6,38.9,26.04,0.1
1961-09,0,0,0,0,0,0,30,0,8.5,31.2,19.24,0.1
1961-10,5,1,0,0,0,0,10,0,0.6,24.4,13.28,8.8
1961-11,6,3,0,0,7,0,0,0,-5.1,20.8,9.18,18.6
1961-12,6,1,0,0,25,8,0,0,-10.4,13.6,1.53,8.2
1962-01,3,1,0,0,31,26,0,0,-17.1,3.4,-4.97,16
1962-02,7,1,0,0,26,1,0,0,-8.8,14.4,1.27,14.9
1962-03,5,0,0,0,6,0,4,0,-4.3,23.1,9.79,6.1
1962-04,16,10,0,0,0,0,4,0,1.1,27,12.03,78.9
1962-05,7,2,0,0,0,0,30,2,6.2,34.1,19.2,20.4
1962-06,9,2,0,0,0,0,29,4,6.4,33.5,22.38,12.4
1962-07,0,0,0,0,0,0,31,27,17,39.7,27.88,0.4
1962-08,4,1,0,0,0,0,31,18,14.5,37.2,26.03,9.1
1962-09,2,0,0,0,0,0,30,4,9.1,34.1,20.96,2.3
1962-10,8,4,0,0,2,0,12,0,-0.6,29.6,14.38,19.7
1962-11,5,2,0,0,2,0,2,0,-2.2,22.2,8.75,12.2
1962-12,11,4,0,0,15,0,0,0,-5.4,14.8,4.05,32.4
1963-01,7,1,0,0,16,0,0,0,-4.7,14.8,4.63,18
1963-02,14,3,0,0,14,0,0,0,-6.8,14.2,4.43,28.4
1963-03,8,4,0,0,17,0,0,0,-10.2,20.3,5.39,41
1963-04,21,8,0,0,0,0,2,0,2.8,21.6,12.16,116.6
1963-05,21,11,0,0,0,0,16,0,6.4,26.5,16.08,84.9
1963-06,13,5,0,0,0,0,29,2,7,32.3,20.21,43.8
1963-07,5,2,0,0,0,0,31,16,15,37.1,25.57,13
1963-08,5,3,0,0,0,0,31,6,13.7,33.4,24.19,47.6
1963-09,5,0,0,0,0,0,30,0,10.2,31.7,20.8,5.7
1963-10,8,4,0,0,0,0,12,0,3.4,26.2,15.2,29.5
1963-11,4,4,0,0,8,0,0,0,-2.4,17.1,7.39,38.1
1963-12,8,5,0,0,29,5,0,0,-12.8,12.1,0.16,18.5
1964-01,3,1,0,19,31,31,0,0,-22.2,-1.9,-12.84,9.9
1964-02,12,7,0,1,29,14,0,0,-19.4,4.9,-4.04,44.6
1964-03,10,8,0,0,11,0,0,0,-6.7,19.1,5.3,77
1964-04,8,3,0,0,0,0,4,0,1,24.5,10.6,28.2
1964-05,10,3,0,0,0,0,26,1,3.2,33.1,17.75,36.8
1964-06,9,3,0,0,0,0,30,1,13.4,32.4,22.94,20.3
1964-07,2,1,0,0,0,0,31,18,14.5,37.1,25.57,9.6
1964-08,1,0,0,0,0,0,31,11,11.6,35.8,24.22,1.4
1964-09,1,0,0,0,0,0,30,0,10,31.5,20.88,1
1964-10,2,1,0,0,0,0,18,0,0.4,25.9,13.35,10.3
1964-11,4,1,0,0,5,0,0,0,-5.2,17.6,8.19,18.7
1964-12,4,1,0,0,31,5,0,0,-14.5,8,-1.28,7.7
1965-01,12,2,0,0,31,24,0,0,-16.3,2,-5.41,30.2
1965-02,8,3,0,1,28,7,0,0,-18.3,6.4,-3.33,19.5
1965-03,8,2,0,0,9,0,0,0,-6.2,19.9,7.32,11.3
1965-04,9,3,0,0,6,0,6,0,-6.8,25.3,10.58,28.6
1965-05,6,3,0,0,0,0,28,0,1.9,32.1,18.28,28.5
1965-06,13,2,0,0,0,0,30,0,9.1,31.6,21.31,49.9
1965-07,7,3,0,0,0,0,31,12,13.6,40.4,25.24,16.5
1965-08,3,0,0,0,0,0,31,21,12.7,36.3,26.47,1.9
1965-09,2,1,0,0,0,0,29,3,9.1,33.8,20.38,22.4
1965-10,11,6,0,0,6,0,6,0,-4.6,25.3,10.61,52.3
1965-11,4,2,0,0,12,0,0,0,-2.9,16.1,6.58,13.8
1965-12,7,2,0,0,27,1,0,0,-8.3,12.1,1.33,14.9
1966-01,5,3,0,0,13,0,0,0,-4.9,16.9,5.61,20.9
1966-02,3,0,0,0,16,0,0,0,-4.8,17.6,5.5,3.5
1966-03,7,2,0,0,7,0,0,0,-3.9,18.9,8.7,10
1966-04,14,5,0,0,0,0,8,0,4.1,26.4,13.75,56.4
1966-05,14,10,0,0,0,0,20,0,5.4,29.4,16.63,99.3
1966-06,6,3,0,0,0,0,30,11,9.3,36.8,23.1,14.1
1966-07,3,1,0,0,0,0,31,25,13.1,40.3,27.02,3.9
1966-08,2,0,0,0,0,0,31,27,16.3,38.2,27.34,1.1
1966-09,10,6,0,0,0,0,28,3,9.7,34.2,20.39,40.1
1966-10,4,1,0,0,0,0,20,0,4.3,24.9,15,8
1966-11,0,0,0,0,4,0,1,0,-1,22.3,9.41,0.2
1966-12,12,4,0,0,9,0,0,0,-4.1,14.4,4.07,35.2
1967-01,7,2,0,0,25,3,0,0,-10.8,13.9,-0.08,14.5
1967-02,10,6,0,0,28,13,0,0,-16.4,5.9,-3.83,50.5
1967-03,8,2,0,0,14,0,0,0,-5.4,15.6,5.21,28.7
1967-04,11,5,0,0,2,0,0,0,-2.4,20.7,11.31,23.7
1967-05,14,8,0,0,0,0,27,0,6.7,30.2,18.13,65.8
1967-06,7,3,0,0,0,0,29,4,3.8,35.3,20.43,14.3
1967-07,5,1,0,0,0,0,31,9,15,34.7,24.41,8.4
1967-08,6,1,0,0,0,0,31,15,14.9,35.5,25.07,17.1
1967-09,8,4,0,0,0,0,30,1,7.2,32.9,19.64,29.3
1967-10,8,1,0,0,0,0,20,0,5.2,25.5,14.81,12
1967-11,12,8,0,0,7,0,2,0,-5.8,22.1,7.72,76.3
1967-12,6,3,0,0,20,8,0,0,-13.5,14.4,1.57,24
1968-01,10,7,0,1,29,20,0,0,-18.4,11.4,-3.83,36
1968-02,4,4,0,3,25,10,0,0,-20.2,11.4,-2.72,20.4
1968-03,5,4,0,0,14,0,0,0,-7.2,18.2,6.21,23.4
1968-04,10,3,0,0,0,0,14,0,2.2,24.6,13.68,32.5
1968-05,14,7,0,0,0,0,29,0,9.2,28.7,18.71,55.3
1968-06,8,5,0,0,0,0,27,3,8.2,33.6,20.06,26
1968-07,0,0,0,0,0,0,31,20,12.6,39.5,26.09,0
1968-08,6,0,0,0,0,0,31,16,13.3,36,24.46,6.4
1968-09,3,2,0,0,0,0,30,4,10.9,34,21.29,12.6
1968-10,10,1,0,0,0,0,21,0,2.7,27.1,15.89,12.6
1968-11,2,0,0,0,0,0,0,0,1.4,17.1,9.34,0.8
1968-12,8,6,0,0,24,8,0,0,-7.4,12.7,0.98,36.9
1969-01,14,7,0,0,31,19,0,0,-16.5,4.4,-4.05,63.1
1969-02,15,5,0,4,28,21,0,0,-20.7,8.7,-6.17,43.8
1969-03,15,6,0,0,12,0,0,0,-4.4,18.7,5.32,74
1969-04,14,6,0,0,0,0,7,0,0.2,25.1,11.61,45.6
1969-05,8,4,0,0,0,0,26,0,6.7,31.2,18.09,26.9
1969-06,8,4,0,0,0,0,29,6,9.5,33.9,21.89,23.8
1969-07,3,2,0,0,0,0,31,11,13.4,37.1,24.34,11.2
1969-08,1,0,0,0,0,0,31,18,15.5,37.1,25.58,0.9
1969-09,5,2,0,0,0,0,28,5,5,33.2,19.26,8.1
1969-10,6,5,0,0,2,0,5,0,-2.8,25.4,12.96,32.6
1969-11,4,3,0,0,19,0,0,0,-2.5,17.3,5.54,24.7
1969-12,11,4,0,0,17,0,0,0,-4.8,13.5,3.75,71.6
1970-01,5,1,0,0,26,0,0,0,-7.8,9.5,1.3,5.3
1970-02,7,3,0,0,17,0,0,0,-6.2,16,4.89,33.8
1970-03,8,1,0,0,5,0,1,0,-2.3,25.5,8.17,20.2
1970-04,5,3,0,0,0,0,19,0,2,27.6,15.66,15.3
1970-05,7,2,0,0,0,0,27,1,7.2,32.8,18.91,14.8
1970-06,3,0,0,0,0,0,30,7,10,33.5,22.7,2.6
1970-07,3,0,0,0,0,0,31,20,14.7,37.8,25.88,2.3
1970-08,4,1,0,0,0,0,31,16,13,35.4,24.77,9
1970-09,0,0,0,0,0,0,30,1,8.6,32.2,20.37,0
1970-10,4,2,0,0,0,0,11,0,1.5,28.5,13.55,8.5
1970-11,7,3,0,0,0,0,2,0,0.2,22,10.53,14.2
1970-12,13,5,0,0,24,15,0,0,-12.9,15.7,-0.32,37.9
1971-01,6,0,0,0,31,25,0,0,-14.8,3.1,-5.28,3
1971-02,6,5,0,0,22,7,0,0,-16.9,11.5,-1.11,26.8
1971-03,8,1,0,0,6,0,0,0,-4.5,21,9.05,8.3
1971-04,11,4,0,0,0,0,8,0,2.2,27,13.13,33.6
1971-05,11,5,0,0,0,0,31,0,9.1,31.2,19.12,36.5
1971-06,5,3,0,0,0,0,30,1,9.8,33,21.31,15.3
1971-07,1,0,0,0,0,0,31,29,15.9,38.2,27.23,0.8
1971-08,3,0,0,0,0,0,31,17,12.5,34.5,24.72,2.2
1971-09,1,0,0,0,0,0,30,14,11,35.6,23.27,1.8
1971-10,6,5,1,0,2,0,15,0,-1.5,26,12.58,56.1
1971-11,6,5,0,0,12,0,0,0,-2.2,18,7.12,20.3
1971-12,9,5,0,0,25,10,0,0,-14.4,13.5,-1.3,41.4
1972-01,10,3,0,8,31,28,0,0,-22.4,0.9,-9.07,23.7
1972-02,11,4,0,9,29,26,0,0,-22.2,3.5,-10.03,36
1972-03,7,4,0,0,28,1,0,0,-9.5,16.9,1.76,23.7
1972-04,11,4,1,0,2,0,21,0,-1.9,27,14.92,52.9
1972-05,19,8,1,0,0,0,16,0,7.9,28.5,15.84,102.1
1972-06,9,1,0,0,0,0,30,0,12.4,31.5,21.39,11.4
1972-07,9,2,0,0,0,0,31,22,15.2,37.6,26.69,21.5
1972-08,1,0,0,0,0,0,31,21,13.4,35.5,24.93,1.3
1972-09,5,1,0,0,0,0,30,2,11.1,32.7,21.49,5.9
1972-10,7,3,1,0,0,0,25,0,1.6,29.6,16.64,37.5
1972-11,4,2,0,0,13,0,0,0,-7.4,18.9,6.4,10.2
1972-12,2,1,0,0,31,6,0,0,-9.9,9,-1.31,5
1973-01,11,7,0,3,31,21,0,0,-22.4,6.5,-6.93,53.2
1973-02,7,2,0,0,26,14,0,0,-15.4,12.8,-2.88,10.6
1973-03,10,6,0,0,17,0,0,0,-4.6,15,4.97,51.2
1973-04,10,2,0,0,0,0,4,0,1,22.9,11.97,27.5
1973-05,9,3,0,0,0,0,26,1,4.8,33.4,17.36,29.2
1973-06,8,3,0,0,0,0,28,7,8.6,37.5,21.36,17.2
1973-07,6,4,0,0,0,0,31,19,11.5,40.5,25.12,29.7
1973-08,0,0,0,0,0,0,31,24,12.9,38.4,26.45,0
1973-09,0,0,0,0,0,0,30,1,8.9,32.4,20.75,0
1973-10,5,1,0,0,3,0,25,0,-1.8,31,15.67,8.1
1973-11,8,6,0,0,19,0,0,0,-9.5,20.3,2.91,56.7
1973-12,5,2,0,0,30,15,0,0,-15.4,12.1,-3.63,21.4
1974-01,13,4,0,2,31,28,0,0,-18.2,0.6,-6.75,32.2
1974-02,6,1,0,3,26,16,0,0,-19,6.3,-5.42,13.5
1974-03,16,9,0,0,12,0,0,0,-4.5,18.6,6,66.1
1974-04,17,7,0,0,0,0,2,0,0.3,25.1,9.96,37.5
1974-05,9,4,0,0,0,0,28,1,6.2,33.6,18.95,19
1974-06,7,2,0,0,0,0,30,12,10.5,36.8,23.12,16.4
1974-07,6,2,0,0,0,0,31,14,11.8,38.3,24.72,11.4
1974-08,6,4,0,0,0,0,31,10,12.9,36.9,23.66,35.9
1974-09,8,6,2,0,0,0,28,0,8.1,28.6,18.21,112.1
1974-10,1,0,0,0,0,0,30,0,4.1,26.5,16.16,0.9
1974-11,4,3,0,0,5,0,2,0,-4.1,23.6,8.01,26.8
1974-12,2,1,0,0,29,0,0,0,-6.9,11.5,1.68,12.3
1975-01,7,3,0,0,31,3,0,0,-12.5,10.5,-1.89,18.5
1975-02,10,7,0,0,26,0,0,0,-12.1,9.8,-0.11,65.5
1975-03,3,2,0,0,21,0,1,0,-5.3,23,5.73,26
1975-04,6,4,0,0,0,0,21,0,3.1,26.8,15.89,37.1
1975-05,17,6,0,0,0,0,23,0,7.3,29.9,17,53.7
1975-06,3,2,0,0,0,0,30,13,12.2,38.4,23.34,7.1
1975-07,0,0,0,0,0,0,31,29,15.5,38.3,27.5,0
1975-08,2,1,1,0,0,0,31,22,11.9,38.9,25.74,33.5
1975-09,4,2,0,0,0,0,29,7,9.1,36.2,20.36,8.2
1975-10,3,3,1,0,0,0,10,0,1,23.9,12.85,53.9
1975-11,4,1,0,0,7,0,0,0,-4.7,16.8,6.73,5.3
1975-12,6,2,0,0,31,9,0,0,-12.6,5.4,-2.97,15.3
1976-01,4,2,0,0,27,5,0,0,-11.4,13.3,-0.49,8.8
1976-02,7,3,0,0,27,14,0,0,-16.3,10.4,-4.05,31.5
1976-03,5,3,0,0,16,1,0,0,-10.8,18.4,5.35,11.8
1976-04,10,7,0,0,0,0,5,0,2.6,25.9,12.61,33.8
1976-05,17,5,0,0,0,0,27,0,5.5,27.6,16.93,57.5
1976-06,6,3,0,0,0,0,29,1,7.4,32.6,21.43,20.2
1976-07,3,1,0,0,0,0,31,17,12,37.5,24.41,5.8
1976-08,0,0,0,0,0,0,31,29,14.2,41.3,27.27,0
1976-09,3,0,0,0,0,0,30,3,6,32.8,20.2,3.7
1976-10,7,3,0,0,0,0,15,0,1.6,27.4,13.5,27.5
1976-11,1,0,0,0,14,0,0,0,-3.7,18,6.19,0.3
1976-12,10,4,0,0,17,0,0,0,-4.7,14.3,2.85,31.9
1977-01,11,4,0,1,30,28,0,0,-18.3,4,-7.54,25.8
1977-02,4,4,0,0,27,12,0,0,-12.1,14.5,-1.17,31.4
1977-03,10,6,0,0,10,0,0,0,-5.2,19.5,7.35,60.3
1977-04,8,3,0,0,0,0,11,0,2.3,25,13.32,25.3
1977-05,11,4,0,0,0,0,28,0,6.9,28,17.61,37.8
1977-06,3,1,0,0,0,0,30,6,11,34.4,22.19,5.2
1977-07,5,2,0,0,0,0,31,18,12.1,38,25.07,9.7
1977-08,2,1,0,0,0,0,31,22,11.3,38.7,25.3,5.9
1977-09,4,1,0,0,0,0,30,0,10.4,32,21.16,9.4
1977-10,3,2,0,0,12,0,10,0,-4.2,29,10.14,12.5
1977-11,3,1,0,0,10,0,0,0,-2.3,18.7,7.68,7.9
1977-12,9,2,0,0,25,8,0,0,-11.7,12,-0.56,20.9
1978-01,14,6,0,0,29,13,0,0,-10.6,8.9,-1.91,52.6
1978-02,10,5,0,0,23,1,0,0,-6.7,14.3,2.17,25.8
1978-03,6,4,0,0,14,0,1,0,-2.1,21.4,8.32,52.1
1978-04,16,9,0,0,0,0,3,0,1.7,22.4,11.62,61.1
1978-05,14,6,0,0,0,0,26,0,4.7,28.5,16.32,55.9
1978-06,7,7,0,0,0,0,26,1,3.7,33,19.2,70.2
1978-07,0,0,0,0,0,0,31,25,11.2,39.8,26.19,0
1978-08,3,0,0,0,0,0,31,14,13,39.4,24.92,3.4
1978-09,2,0,0,0,0,0,30,13,8.2,35,22.05,1.3
1978-10,8,2,0,0,0,0,15,0,3.1,28,14.74,20.7
1978-11,5,2,0,0,25,0,0,0,-5.6,15,3.49,16.3
1978-12,9,4,0,0,21,0,0,0,-5.5,11.2,2.48,30
1979-01,2,0,0,0,25,1,0,0,-9.6,19.5,1.15,1.2
1979-02,7,2,0,0,15,0,0,0,-5.8,18.4,5.39,13.4
1979-03,7,3,0,0,9,0,1,0,-6.8,21.5,7.95,38.5
1979-04,3,1,0,0,0,0,13,0,0.9,26.8,14.16,14
1979-05,12,5,0,0,0,0,31,0,7.3,29,18.45,24.3
1979-06,11,4,0,0,0,0,29,2,10.9,36,20.89,39.3
1979-07,4,0,0,0,0,0,31,22,12.4,37,25.76,4.9
1979-08,0,0,0,0,0,0,31,30,14.7,37.9,27.06,0
1979-09,3,1,0,0,0,0,30,13,8.3,38,23.11,3.7
1979-10,12,9,0,0,0,0,11,0,2.1,26.7,13.64,56.1
1979-11,6,2,0,0,3,0,0,0,-1.1,19.8,7.65,26.4
1979-12,6,1,0,0,25,1,0,0,-9.1,12.5,2.25,10.3
1980-01,8,2,0,0,31,13,0,0,-15.3,9.6,-2.86,18.9
1980-02,6,1,0,0,23,4,0,0,-15.6,9,-0.36,7.5
1980-03,11,1,0,0,14,0,0,0,-9,20,6.24,13
1980-04,11,6,0,0,3,0,10,0,-2.3,24.9,12.45,43.4
1980-05,7,3,0,0,0,0,29,1,4.9,32.9,18.44,21.7
1980-06,3,0,0,0,0,0,30,9,11.3,36.9,23.37,1.9
1980-07,3,1,0,0,0,0,31,30,15.9,39.9,28.37,14
1980-08,1,1,0,0,0,0,31,17,13.8,35.9,24.98,9.2
1980-09,2,1,0,0,0,0,29,7,6.2,35.3,20.2,3.3
1980-10,5,1,0,0,0,0,14,0,1.2,24.9,13.31,7
1980-11,6,3,0,0,6,0,0,0,-2.1,20.5,8.59,25.4
1980-12,2,0,0,0,22,0,0,0,-6.7,18.1,3.61,3.8
1981-01,5,1,0,0,28,0,0,0,-8.1,12.5,1.2,7.8
1981-02,4,3,0,0,16,0,0,0,-4.5,12.8,4.88,25.7
1981-03,8,3,0,0,5,0,0,0,-4.3,20.1,8.59,28.9
1981-04,14,5,0,0,4,0,7,0,-1.3,25.4,10.98,49.5
1981-05,14,9,0,0,0,0,20,0,2.5,27.9,15.56,59.9
1981-06,7,1,0,0,0,0,29,2,8.8,32.9,21.51,13.2
1981-07,1,0,0,0,0,0,31,24,13.5,38.5,26.25,0.5
1981-08,5,2,0,0,0,0,31,18,14.2,38,25.01,10.6
1981-09,0,0,0,0,0,0,30,8,7.7,39.2,21.51,0
1981-10,4,2,0,0,0,0,24,0,3.5,29.1,15.32,17.5
1981-11,7,3,0,0,17,0,0,0,-5.6,18.2,5.38,31.4
1981-12,7,3,0,0,18,0,0,0,-4.1,17.2,4.03,18
1982-01,5,2,0,0,31,11,0,0,-13.3,9.8,-2.37,10.4
1982-02,4,2,0,0,27,3,0,0,-10.4,8.7,-1.53,11.4
1982-03,7,2,0,0,21,0,0,0,-7.4,16.7,4.22,40.5
1982-04,10,4,0,0,0,0,14,0,2.2,25.3,14.27,26.1
1982-05,12,6,0,0,0,0,28,0,7.7,29.3,17.81,44.3
1982-06,10,1,0,0,0,0,30,3,10.4,35.1,21.45,15.2
1982-07,7,3,0,0,0,0,31,21,11.2,38.4,25.4,18.1
1982-08,2,0,0,0,0,0,31,12,10.7,35.6,23.69,2.5
1982-09,3,2,0,0,0,0,30,4,8.3,33.2,20.84,9
1982-10,7,4,0,0,0,0,11,0,1,27,12.96,29.6
1982-11,10,6,0,0,19,0,0,0,-5.1,18,3.75,41.5
1982-12,3,2,0,0,31,27,0,0,-10.9,1.2,-5.6,14.3
1983-01,6,1,0,9,31,28,0,0,-19.8,1.1,-9.63,9.9
1983-02,7,4,0,0,28,15,0,0,-12.8,6.8,-3.37,18.3
1983-03,3,3,0,0,12,1,1,0,-10,21.8,5.58,22.7
1983-04,9,1,0,0,0,0,12,0,2.7,27,13.64,11.5
1983-05,13,4,0,0,0,0,24,0,7.1,29.3,18.21,30.8
1983-06,12,6,0,0,0,0,30,6,10.6,35.5,21.38,44.8
1983-07,2,0,0,0,0,0,31,22,14.2,40.1,26.64,1.6
1983-08,6,2,0,0,0,0,31,20,10.2,38.4,25.01,9.4
1983-09,2,1,0,0,0,0,30,0,4.3,31.6,20.12,8.4
1983-10,8,5,0,0,0,0,15,0,1.8,26.8,13.39,30.9
1983-11,15,5,0,0,0,0,0,0,0.2,20.3,8.98,38.5
1983-12,2,1,0,0,21,0,0,0,-9.3,15.8,1.83,4
1984-01,4,2,0,0,31,0,0,0,-6.5,9.4,1.06,22.1
1984-02,11,3,0,0,28,1,0,0,-8.7,9.8,-0.19,31.1
1984-03,15,8,0,0,2,0,0,0,-1.7,19.1,8.1,62.8
1984-04,12,4,0,0,0,0,9,0,3.2,24.8,13.04,31.2
1984-05,12,4,0,0,0,0,20,0,1.5,27.6,15.59,28.6
1984-06,2,1,0,0,0,0,30,9,9.8,35.7,22.48,5.8
1984-07,7,1,0,0,0,0,31,29,14.5,39.5,27.39,6.3
1984-08,2,1,0,0,0,0,31,17,14,35.6,24.43,5.4
1984-09,3,0,0,0,0,0,30,2,11.6,32.4,22.14,3.4
1984-10,6,3,0,0,0,0,16,0,0.7,29.2,13.44,33
1984-11,4,2,0,0,5,0,0,0,-4.4,17.3,7.99,8
1984-12,6,3,0,0,29,12,0,0,-11,7,-2.38,14.6
1985-01,14,6,0,0,31,15,0,0,-12.5,3.4,-3.44,48.6
1985-02,16,7,0,2,24,10,0,0,-19.8,13.4,-1.59,70.8
1985-03,8,1,0,5,17,14,0,0,-19.1,18.8,-0.91,10.7
1985-04,10,1,0,0,0,0,13,0,2.9,28.1,14.68,12.2
1985-05,12,3,0,0,0,0,29,0,6.4,32.1,19.64,19.6
1985-06,6,0,0,0,0,0,30,11,9.3,37.3,23.7,7.9
1985-07,5,2,0,0,0,0,31,16,13.8,39.7,24.77,14.4
1985-08,3,0,0,0,0,0,31,25,12.8,37.9,25.66,2.6
1985-09,3,0,0,0,0,0,30,10,4.8,37.3,21.29,2.1
1985-10,10,1,0,0,1,0,13,0,-1.3,25.8,13.03,13.9
1985-11,4,0,0,0,2,0,0,0,-0.7,20.2,9.34,4.5
1985-12,7,5,0,0,30,2,0,0,-9.7,8.7,-0.34,34.2
1986-01,4,1,0,0,29,9,0,0,-13.5,11.7,-1.94,13.4
1986-02,9,2,0,0,20,0,0,0,-8.2,17.1,2.26,12.4
1986-03,6,3,0,0,15,1,0,0,-10.3,20.8,5.39,15.3
1986-04,9,4,0,0,0,0,18,0,5,25.8,15.3,24.1
1986-05,20,10,0,0,0,0,16,0,2.9,28.4,15.62,66.6
1986-06,10,3,0,0,0,0,29,3,7.2,32.9,21.31,31
1986-07,3,2,0,0,0,0,31,26,14.3,41.6,27.27,25
1986-08,0,0,0,0,0,0,31,27,15.6,37.6,26.56,0
1986-09,4,2,0,0,0,0,29,14,9.9,36.5,23.17,9.9
1986-10,11,3,0,0,0,0,14,0,4.3,25.6,14.11,19.9
1986-11,12,6,0,0,13,0,0,0,-4.1,19.6,6.36,55.5
1986-12,7,2,0,0,26,2,0,0,-8.5,12.7,0.95,10.2
1987-01,8,3,0,0,21,0,0,0,-8,14.3,3.01,20.2
1987-02,11,5,0,0,18,0,0,0,-7.1,15.8,3.84,29.9
1987-03,8,4,0,0,20,0,0,0,-8,15.3,4.51,27.9
1987-04,8,3,0,0,2,0,3,0,-1.2,26.9,11.06,37.1
1987-05,8,4,0,0,0,0,31,0,7.2,30.9,19.63,31.8
1987-06,5,1,0,0,0,0,30,11,10.4,37.5,24.24,8.1
1987-07,4,1,0,0,0,0,31,25,13.8,37.1,26.48,8.7
1987-08,3,1,0,0,0,0,31,18,10.9,37.6,24.83,12.3
1987-09,1,0,0,0,0,0,30,0,5.7,31.6,20.04,0.7
1987-10,14,9,1,0,0,0,6,1,0.5,32.6,11.05,81.6
1987-11,3,3,0,0,15,0,0,0,-5.4,18,5.64,19.6
1987-12,13,9,0,0,18,4,0,0,-11,12,1.54,69.5
1988-01,14,2,0,0,31,19,0,0,-16.1,6.8,-4.13,25.7
1988-02,4,1,0,0,23,7,0,0,-5.8,13.2,1.24,6.7
1988-03,12,3,0,0,11,0,0,0,-6.6,20.2,6.92,27.4
1988-04,10,1,0,0,2,0,10,0,-1.1,25.8,12.95,18.5
1988-05,16,5,0,0,0,0,20,0,4.1,31.4,16.53,63.4
1988-06,14,6,0,0,0,0,29,5,11.2,33.9,21.07,45.1
1988-07,6,1,0,0,0,0,31,19,13.1,38.9,25.15,16.9
1988-08,8,0,0,0,0,0,31,8,8.2,37.2,24.03,10.1
1988-09,2,1,0,0,0,0,30,2,8.8,33.9,20.03,8.3
1988-10,10,3,0,0,0,0,14,0,1.6,26.4,14.34,24.2
1988-11,5,1,0,0,14,0,0,0,-6.2,19,5.76,10.2
1988-12,11,6,0,0,16,7,0,0,-12.6,15.1,2.12,32.1
1989-01,0,0,0,0,31,14,0,0,-16.6,6,-5.77,0
1989-02,1,1,0,0,27,4,0,0,-10.1,16.4,-1.7,3.4
1989-03,5,2,0,0,4,0,1,0,-5,21.4,9.79,12.5
1989-04,10,3,0,0,0,0,25,0,3,29.6,16.72,23.9
1989-05,7,2,0,0,0,0,28,3,5,34.2,19.37,22.4
1989-06,5,2,0,0,0,0,30,15,10.9,37,24.02,13.9
1989-07,3,0,0,0,0,0,31,29,15.5,39,28.54,3.4
1989-08,2,2,0,0,0,0,31,25,16,38.3,27.06,12.7
1989-09,4,1,0,0,0,0,29,9,8.2,36.7,20.96,6.4
1989-10,12,10,0,0,0,0,13,0,3.7,27.5,14.19,56.7
1989-11,12,6,0,0,6,0,0,0,-6.5,17.4,7.78,28.7
1989-12,3,1,0,0,26,0,0,0,-7.5,13.3,2.32,14
1990-01,11,4,0,1,29,23,0,0,-18.1,4.5,-6.44,32.2
1990-02,3,0,0,0,26,3,0,0,-13,10.7,-0.85,4.4
1990-03,1,0,0,0,16,0,0,0,-7,20.4,6.8,0.3
1990-04,16,5,0,0,0,0,6,0,1.4,24,11.79,51.6
1990-05,8,3,0,0,0,0,24,3,4.9,33.5,17.6,22.1
1990-06,7,1,0,0,0,0,30,9,11.3,37.4,22.64,8
1990-07,3,0,0,0,0,0,31,24,11.9,38.5,27.26,4
1990-08,4,0,0,0,0,0,31,20,13.7,35.4,25.17,4.2
1990-09,1,0,0,0,0,0,30,8,9.4,35.2,22.05,0.9
1990-10,7,4,0,0,0,0,17,0,2,27.4,14.15,29.9
1990-11,7,4,0,0,11,0,5,0,-3.5,26,8.45,23.2
1990-12,8,2,0,0,23,4,0,0,-10.6,13.5,1.6,13.5
1991-01,7,4,0,0,31,13,0,0,-17.4,11.3,-2.79,38.1
1991-02,3,0,0,0,24,8,0,0,-16.1,13.5,-1.86,3.9
1991-03,8,6,0,0,12,0,3,0,-4.9,23,6.9,51.5
1991-04,8,2,0,0,0,0,15,0,2.3,28.5,14.51,12.1
1991-05,10,2,0,0,0,0,28,0,6.7,28.4,17.07,30.6
1991-06,7,0,0,0,0,0,30,12,9.6,35.9,23.36,8
1991-07,5,3,0,0,0,0,31,24,11.8,39,26.83,15.5
1991-08,4,1,0,0,0,0,31,23,15.7,38.1,26.85,4.9
1991-09,0,0,0,0,0,0,30,4,9.6,35.2,21.8,0.2
1991-10,3,2,0,0,0,0,24,0,4.9,28.4,16.01,24.9
1991-11,8,5,0,0,5,0,0,0,-2,15.8,7.42,58.7
1991-12,6,2,0,0,29,8,0,0,-9,10,-0.54,19
1992-01,9,3,0,0,31,25,0,0,-16,7.2,-6.41,21.7
1992-02,10,6,0,0,28,10,0,0,-11.9,6,-2.66,49.8
1992-03,2,1,0,0,21,0,0,0,-9.3,17.5,3.6,10.3
1992-04,2,1,0,0,0,0,7,0,2.2,22.6,11.61,14.3
1992-05,12,4,0,0,0,0,15,0,1.6,29.2,14.86,33.2
1992-06,17,9,0,0,0,0,28,1,7.5,32.6,19.43,46.7
1992-07,5,3,0,0,0,0,31,9,7.3,35,23.59,21.1
1992-08,5,2,0,0,0,0,31,5,13,35.4,22.7,18.3
1992-09,6,4,0,0,0,0,24,1,2.6,33.1,18.5,35.1
1992-10,3,0,0,0,0,0,14,0,2.1,25.1,14.27,4.5
1992-11,8,7,0,0,10,4,0,0,-7.3,20.1,5.14,63
1992-12,13,4,0,0,26,9,0,0,-11.9,10.3,-1.12,35.9
1993-01,7,2,0,0,29,26,0,0,-12.9,7.1,-5.1,20.9
1993-02,11,5,0,0,27,24,0,0,-13.2,5.4,-4.27,38.1
1993-03,6,3,0,0,22,0,0,0,-6.2,19.5,3.74,14.6
1993-04,13,5,0,0,1,0,1,0,-3.3,21.1,10.98,46.8
1993-05,18,9,0,0,0,0,14,0,6.7,26.6,15.72,72.7
1993-06,8,2,0,0,0,0,29,3,11.3,34.2,21.19,13.5
1993-07,5,1,0,0,0,0,31,17,11.5,36.5,25.27,15.3
1993-08,10,3,0,0,0,0,31,3,12.7,34.2,24.22,34.2
1993-09,3,1,0,0,0,0,28,3,8.7,32.9,20.72,4.7
1993-10,5,3,0,0,1,0,13,0,-0.2,23.5,13.44,24.2
1993-11,14,7,0,0,18,7,0,0,-8,15.6,1.72,67.4
1993-12,10,4,0,0,31,24,0,0,-9.2,3.7,-3.36,21.7
1994-01,8,6,0,0,31,10,0,0,-7.9,8.1,-1.55,34.6
1994-02,11,8,0,0,26,9,0,0,-9.3,6.4,-2.05,59
1994-03,9,5,0,0,10,0,0,0,-4.8,18.3,6.06,41
1994-04,10,8,0,0,0,0,16,0,2.5,27.6,14.93,67.9
1994-05,16,10,0,0,0,0,19,0,5.3,30.1,16.75,61.3
1994-06,9,4,0,0,0,0,27,6,8,34,21.02,43.3
1994-07,5,1,0,0,0,0,31,9,11.9,33.2,24.65,8.1
1994-08,4,0,0,0,0,0,31,10,12.9,34.4,24.74,3
1994-09,2,1,0,0,0,0,29,0,10.1,32,21.14,3.6
1994-10,9,3,0,0,0,0,15,0,3.3,25.4,14.96,17.2
1994-11,12,6,0,0,6,1,0,0,-6.6,19.3,6.94,64.1
1994-12,14,6,0,0,31,23,0,0,-15.3,5.7,-4.8,36.9
1995-01,9,5,0,0,31,10,0,0,-12,5.2,-1.66,26.6
1995-02,4,1,0,0,26,5,0,0,-4.8,12.1,1.06,6.5
1995-03,6,5,0,0,3,0,0,0,-1.4,19.1,8.21,32.2
1995-04,12,5,0,0,0,0,1,0,0.8,22.2,12.38,39.4
1995-05,13,5,0,0,0,0,23,0,4,30.7,18.66,45.1
1995-06,11,4,0,0,0,0,30,2,10.7,33.3,22.3,20.6
1995-07,4,1,0,0,0,0,31,13,14.5,35.9,25.36,6
1995-08,,,,0,0,0,30,23,15,37.2,26.49,
1995-09,8,5,0,0,0,0,22,7,6.6,34.4,20.83,29.3
1995-10,2,1,0,,,,,,,,,5.4
1995-11,4,0,0,0,11,0,0,0,-2.8,19.7,8,3.9
1995-12,2,0,0,0,29,1,0,0,-9.2,11.1,0.86,3.2
1996-01,12,7,0,0,22,13,0,0,-9.4,11,-0.64,40.4
1996-02,8,4,0,0,20,5,0,0,-12,14.3,2.26,25
1996-03,14,6,0,0,7,0,0,0,-3.4,17,6.1,49.4
1996-04,13,7,0,0,0,0,3,0,0.4,22.8,11.34,85.9
1996-05,12,7,0,0,0,0,30,0,8.2,29.2,18.91,58.5
1996-06,5,2,0,0,0,0,29,3,7.1,35.8,20.78,20.2
1996-07,1,0,0,0,0,0,31,23,17.9,37.4,26.72,1.6
1996-08,0,0,0,0,0,0,31,18,16.5,36.7,26.32,0.3
1996-09,10,2,0,0,0,0,26,0,8.1,31.6,20.27,12.5
1996-10,6,1,0,0,0,0,13,0,2.8,24.5,13.92,16.2
1996-11,0,0,0,0,10,0,0,0,-2.6,15.6,7.09,0
1996-12,12,5,0,0,9,0,0,0,-3.4,14,5.44,33.6
1997-01,3,0,0,0,19,0,0,0,-10.8,12.3,1.94,5.2
1997-02,7,4,0,0,24,9,0,0,-14.6,10,-1.22,28.5
1997-03,6,5,0,0,24,1,0,0,-10.5,15.4,2.4,32.9
1997-04,8,2,0,0,4,0,5,0,-5,31.4,11.53,20.9
1997-05,8,3,0,0,0,0,25,0,4,31.5,18.17,16.9
1997-06,5,2,0,0,0,0,29,4,5.1,33.7,22.18,14.9
1997-07,4,3,0,0,0,0,31,14,13.8,37.8,24.9,28.3
1997-08,1,1,0,0,0,0,31,25,16,37.1,26.77,10.8
1997-09,7,1,0,0,0,0,24,2,5.5,33.3,18.62,8.7
1997-10,10,4,0,0,0,0,18,0,0.7,27.5,15.59,39.8
1997-11,2,1,0,0,7,0,0,0,-2.4,15.3,6.89,11.6
1997-12,8,5,0,0,21,12,0,0,-12.2,12.9,0.59,32
1998-01,10,3,0,0,31,12,0,0,-12.7,3.7,-3.27,27.4
1998-02,7,2,0,0,26,10,0,0,-14.1,7.2,-2.55,21.9
1998-03,7,1,0,0,8,0,0,0,-5.5,17.6,6.76,13.3
1998-04,10,4,0,0,0,0,11,0,3.9,29.6,14.53,25.2
1998-05,15,6,2,0,0,0,23,1,8,34.1,18.07,103.9
1998-06,6,2,0,0,0,0,30,13,9.5,38.3,24.85,22.4
1998-07,4,2,0,0,0,0,30,23,9.8,38.1,26.16,21.8
1998-08,1,1,0,0,0,0,31,23,12.8,41.2,26.82,4
1998-09,1,0,0,0,0,0,30,6,8.8,37.3,21.39,0.3
1998-10,3,1,0,0,0,0,21,0,4,29,16.1,8.1
1998-11,8,3,0,0,0,0,0,0,1.2,20.5,10.32,28.5
1998-12,3,0,0,0,18,1,1,0,-4,21.4,4.64,3.1
1999-01,1,0,0,0,29,0,0,0,-7,12.1,1.58,1.2
1999-02,7,2,0,0,14,0,0,0,-6.5,13,4.79,12.6
1999-03,8,3,0,0,5,0,0,0,-3.7,19.4,7.9,24.5
1999-04,9,4,0,0,0,0,7,0,2,26.5,12.89,27.5
1999-05,9,5,0,0,0,0,26,0,2.2,31.9,17.64,32.3
1999-06,12,2,0,0,0,0,30,3,12.5,34.2,22.38,22
1999-07,,,,0,0,0,31,18,14.4,36.5,25.87,
1999-08,2,0,0,0,0,0,31,26,13.3,40,28.42,1.3
1999-09,3,3,0,,,,,,,,,30.6
1999-10,5,3,0,0,0,0,15,0,2.9,30.5,14.96,20.1
1999-11,7,1,0,0,9,0,0,0,-6.1,16.1,7.08,10.9
1999-12,2,1,0,0,25,0,0,0,-5.2,15,2.48,5.6
2000-01,11,2,0,0,28,18,0,0,-10.8,10.5,-1.46,35.6
2000-02,4,1,0,0,25,0,0,0,-9.2,12.3,0.06,5.2
2000-03,3,1,0,0,18,0,0,0,-9.6,17.8,5.22,7.1
2000-04,7,2,0,0,0,0,16,0,0.7,25.6,15.11,25.7
2000-05,7,4,0,0,0,0,24,1,1.1,36.9,16.84,46.7
2000-06,1,0,0,0,0,0,30,9,8,36,22.59,0.8
2000-07,2,0,0,0,0,0,31,30,15.8,39.9,29.54,3.6
2000-08,1,1,0,0,0,0,31,24,5.1,40.4,26.88,5.5
2000-09,2,0,0,0,0,0,30,4,10.4,34,22.11,1.6
2000-10,5,4,0,0,0,0,11,0,4,25.3,13.46,36.4
2000-11,1,0,0,0,8,0,0,0,-0.8,16.6,7.23,1.9
2000-12,6,3,0,0,22,2,0,0,-6,9.4,1.25,35.5
